Message ke-0;92;57827683042967970100843829141214662047;1639301393.829206
Message ke-1;61;88825687888409879597795553635485340689;1639301393.832207
Message ke-2;67;14193356996202548451948463607995615198;1639301393.838202
Message ke-3;63;275149000020085306059734544698676254781;1639301393.843201
Message ke-4;63;289024416130885046663695783956390552350;1639301393.845208
Message ke-5;93;174913867168443701524596399525815715988;1639301393.848204
Message ke-6;79;184282399982363712094926383514401153086;1639301393.850204
Message ke-7;93;194449360183477363623858640630501234073;1639301393.853202
Message ke-8;65;312570141259784840489813989393320347365;1639301393.856201
Message ke-9;96;87714877882119439611359140769262180776;1639301393.858203
Message ke-10;98;267167687071086936106071859856846459863;1639301393.860205
Message ke-11;81;214229516527365120624740750759386684513;1639301393.863203
Message ke-12;90;47971453719794871061112465905304750552;1639301393.865202
Message ke-13;78;109731859940484332977054178945588894716;1639301393.86721
Message ke-14;61;218014772976610423836008909845386442311;1639301393.869204
Message ke-15;83;290659475559329218848953927480687402392;1639301393.871201
Message ke-16;73;36377432438950005845583297657148403501;1639301393.87321
Message ke-17;85;295344757669410410235336830627271003550;1639301393.875207
Message ke-18;85;182600112729739052224361945879599688878;1639301393.878206
Message ke-19;72;219007296984055528860089707366526813390;1639301393.8802
Message ke-20;82;219296095594752153696642218126493432905;1639301393.882204
Message ke-21;72;273559404507116024646377053806186747996;1639301393.889202
Message ke-22;71;215726981465362671591691628362447078958;1639301393.896202
Message ke-23;68;131398787602340599590040512688558434207;1639301393.903203
Message ke-24;72;209603026090414432333791797811706830815;1639301393.917202
Message ke-25;74;312572818313351817480828248674773314162;1639301393.921205
Message ke-26;91;238714839529485486015805638411692185124;1639301393.927202
Message ke-27;78;39368802180774553385246226032127260044;1639301393.937379
Message ke-28;67;144282655230313655874493803593824251231;1639301394.013009
Message ke-29;75;245644840464307908797729374955787433651;1639301394.113881
Message ke-30;70;296789003707220496416738318364353673848;1639301394.139878
Message ke-31;61;284440552803546493817861979436473052388;1639301394.147887
Message ke-32;76;29469180141677824320280167417414099969;1639301394.156877
Message ke-33;60;268222209569486510982749208645361866073;1639301394.171878
Message ke-34;92;300929367056474357340627569067461934419;1639301394.180884
Message ke-35;96;83385671521294045716755233423603100900;1639301394.189882
Message ke-36;79;285300560537456858550660773002922296378;1639301394.197878
Message ke-37;74;15822181432413345270949427023668989700;1639301394.20288
Message ke-38;76;84108911355750067251915014385750963695;1639301394.209878
Message ke-39;71;55967990373227529938166396972332466102;1639301394.21188
Message ke-40;79;333113413852522450405563093527627948109;1639301394.21488
Message ke-41;73;192449676991533371575657920832010953232;1639301394.237879
Message ke-42;89;155901764111570018399789149007499428304;1639301394.249881
Message ke-43;79;184096405729850935571831565550405438474;1639301394.261878
Message ke-44;79;94058120228091113328264563490394992468;1639301394.270881
Message ke-45;84;192475508512771557001745479219817649895;1639301394.27988
Message ke-46;77;283428769996970446628929307353008322590;1639301394.293878
Message ke-47;84;308466219842130972889207683205129756583;1639301394.302665
Message ke-48;76;266759189835219904130770157388741478628;1639301394.311661
Message ke-49;81;125871377424845562094168319691338396993;1639301394.337664
Message ke-50;84;26639706875037114508992282720979516888;1639301394.342663
Message ke-51;87;161318958250671397022300960453386360773;1639301394.356758
Message ke-52;71;5170045341169821906088449230161780398;1639301394.370758
Message ke-53;64;307063757977443124086767228909991955688;1639301394.38231
Message ke-54;72;182156006124127946877680315589553272845;1639301394.385844
Message ke-55;85;72531156336639748365942563394307116253;1639301394.396845
Message ke-56;77;217083471526568891154701720417087858242;1639301394.406848
Message ke-57;93;149579639664953318164058779389073893529;1639301394.41885
Message ke-58;84;192751104077943961349319171582968553905;1639301394.425843
Message ke-59;85;84153895487760451005956895583044574305;1639301394.429842
Message ke-60;87;44193591716442553273507439861567346575;1639301394.439842
Message ke-61;91;292132010859418430401360770328857357662;1639301394.465845
Message ke-62;99;303619931742362073296192895265888057520;1639301394.476194
Message ke-63;82;244113219136476771973044562890052752849;1639301394.484194
Message ke-64;69;137540891147498431358985147886076787683;1639301394.49719
Message ke-65;72;237441587554214633729624637662180093315;1639301394.512192
Message ke-66;100;101302362098101000639526265201894394769;1639301394.539281
Message ke-67;78;55162029930810687408769673678000235612;1639301394.557277
Message ke-68;81;143300719043654944075711312404191149687;1639301394.582821
Message ke-69;96;165694784092004697093480081310092192879;1639301394.610821
Message ke-70;80;239597729320502078097936962106684284633;1639301394.632822
Message ke-71;71;112321922355549460573960761354660615847;1639301394.663823
Message ke-72;63;52015430094431441036996535174686795616;1639301394.679817
Message ke-73;80;28116328775181616858240538192787915832;1639301394.780778
Message ke-74;61;28248920200801925682487154522405252453;1639301394.819331
Message ke-75;91;57977925415485729881466766959876767766;1639301394.880337
Message ke-76;85;319859622901845182399997390161936355235;1639301394.929332
Message ke-77;87;123088104267760494336767707657324314059;1639301394.976957
Message ke-78;95;25065218766851956488422015048928121381;1639301394.989952
Message ke-79;80;129327688659417208333596210252269207413;1639301395.002958
Message ke-80;100;124813897374943319994278693614410387278;1639301395.064953
Message ke-81;83;198251601654753218244769389934055516021;1639301395.108059
Message ke-82;81;235105855042481044217365311178882169431;1639301395.234214
Message ke-83;96;77139068821268277107179733337930901008;1639301395.27221
Message ke-84;69;72157055304370689077103957611370282346;1639301395.303209
Message ke-85;69;293045524851332451590219936410072095089;1639301395.330212
Message ke-86;93;133870162269494383915663623198787865596;1639301395.339215
Message ke-87;65;323546016821359593339659253319393370167;1639301395.370213
Message ke-88;99;213428336991005864564775685448935916734;1639301395.375212
Message ke-89;76;190832865085473840540368337849948569458;1639301395.393211
Message ke-90;85;10677686796539646703767810876610624368;1639301395.415208
Message ke-91;74;170989876055629613952180752409080485578;1639301395.460214
Message ke-92;94;185767608517800103898104134339648969879;1639301395.476212
Message ke-93;70;274627704155915507464429952447438803803;1639301395.490214
Message ke-94;74;153694350019527331401003709911283965947;1639301395.626207
Message ke-95;87;112325797873983260675068999372506913587;1639301395.759212
Message ke-96;75;8042132959691832687932885269311456176;1639301395.815212
Message ke-97;63;249854765368185560395289048029393785967;1639301395.828296
Message ke-98;95;113252763998933755411877820612255281969;1639301395.861299
Message ke-99;70;169144384496212053606483485575878109942;1639301395.878298
Message ke-0;69;196054737272771540965913264928051487005;1639301449.897579
Message ke-1;77;9678989485735473127283868081648352816;1639301449.909585
Message ke-2;73;110765579021220760349925001858497064211;1639301449.920574
Message ke-3;80;202430840121748862652970449195542517598;1639301449.937574
Message ke-4;96;75207340496769765898729489836243165169;1639301449.961126
Message ke-5;74;290081341499177605272254367093156235476;1639301449.986743
Message ke-6;67;334380560995685076950972530487222708663;1639301450.000284
Message ke-7;61;231458605087083762694648687222138964682;1639301450.020823
Message ke-8;91;66524920026574939317824630735091991943;1639301450.088829
Message ke-9;69;15951542178431781418921579119315297786;1639301450.138827
Message ke-10;67;39958708741855105112377468951281610775;1639301450.189828
Message ke-11;90;17953351244232433349411187621419090186;1639301450.206825
Message ke-12;60;297810851976162421381807086138440556051;1639301450.238828
Message ke-13;89;76496995483208213285736070035631008624;1639301450.269827
Message ke-14;84;9332117084863033899327103665215595997;1639301450.284822
Message ke-15;98;297107287283896811288373834397167499059;1639301450.306829
Message ke-16;88;88200465951485575723888914429594261527;1639301450.364828
Message ke-17;76;17885866329315622330987451182356389986;1639301450.383825
Message ke-18;93;184180814446283759965890963547658266189;1639301450.409823
Message ke-19;83;288258542200464869025538201687004851698;1639301450.430824
Message ke-20;91;209591853233000775931149608692681368364;1639301450.449829
Message ke-21;97;278724263279782044916162432455628337081;1639301450.466824
Message ke-22;96;166362953936461658112586681805019351751;1639301450.491919
Message ke-23;77;125200122745952561315123269662006310590;1639301450.512913
Message ke-24;81;235215791902259945451263625625987547756;1639301450.526913
Message ke-25;72;313000149136600023614448928724666138475;1639301450.541913
Message ke-26;89;304681350238608099554239234875648735976;1639301450.553915
Message ke-27;92;289881458641882700564991896347653749893;1639301450.594915
Message ke-28;77;222097966254999874648198296997328809647;1639301450.664098
Message ke-29;83;276530121044431395455964269465961827217;1639301450.694632
Message ke-30;96;148289379838019674166999402371439902281;1639301450.713637
Message ke-31;66;338663872231692101504885112554543136036;1639301450.731192
Message ke-32;61;292724793954065884487137215253898014312;1639301450.761193
Message ke-33;73;34514615252963153658945442726216423453;1639301450.802189
Message ke-34;88;129325272062498805251733112401845693120;1639301450.80919
Message ke-35;63;317273861666701017418398436767273963607;1639301450.823193
Message ke-36;94;112131255697512356170907576372741334583;1639301450.86219
Message ke-37;60;27117575589444609662976332014753994252;1639301450.89419
Message ke-38;92;124091159776281870905310962819514847068;1639301450.915189
Message ke-39;83;51506284943290672458190965201923325956;1639301450.939188
Message ke-40;69;320288480510236654119729316052856955299;1639301450.997189
Message ke-41;98;270788686281444346694856617282309530639;1639301451.060189
Message ke-42;91;335723464597073048312997860503556178195;1639301451.114245
Message ke-43;85;148292427045545434749213507884459067437;1639301451.144241
Message ke-44;84;204112983863439219896957023576094429170;1639301451.189241
Message ke-45;71;126350731301323280373654878731381067143;1639301451.217244
Message ke-46;92;175343729200414508336601960229268178279;1639301451.230242
Message ke-47;80;177780444719942438667108565966855047719;1639301451.26332
Message ke-48;84;316649458223615830162030768492282695274;1639301451.273788
Message ke-49;83;270960870507673724022797375111424814208;1639301451.287787
Message ke-50;85;256903944501274802514087454685960711119;1639301451.302785
Message ke-51;88;301450201595129980522986179896044240944;1639301451.319784
Message ke-52;77;2678744935554511110540231167185456328;1639301451.334783
Message ke-53;60;54731540468601729229273611287860236213;1639301451.350865
Message ke-54;79;173555259030465759501680465610636007005;1639301451.386957
Message ke-55;68;39513290062409603137066405070842311348;1639301451.40996
Message ke-56;61;76573855148605406150679089744095599402;1639301451.441962
Message ke-57;82;12186534560770312315321852964880353778;1639301451.470959
Message ke-58;88;221534496006035739067488793088120472593;1639301451.500959
Message ke-59;83;100453419623334172869303358880392515500;1639301451.53796
Message ke-60;61;93949264801391904761589050371549023565;1639301451.559957
Message ke-61;77;262167929562409250156343512967208216883;1639301451.599572
Message ke-62;93;78529623256925138619262313282814282197;1639301451.680574
Message ke-63;72;59920381336114608738283703194218210051;1639301451.760445
Message ke-64;74;89742944382803874901617200896806492931;1639301451.807985
Message ke-65;88;285839437006029683247104248767413176907;1639301451.843981
Message ke-66;69;104709255268598285410889670108125645891;1639301451.877981
Message ke-67;88;241837152275553604808316077356414290137;1639301451.910324
Message ke-68;88;197531715400728801331625657157643262685;1639301451.920328
Message ke-69;89;60187363155413227843817544040535351839;1639301451.932321
Message ke-70;65;139545207780480393494266461530091393195;1639301451.962329
Message ke-71;79;116579416476687522703379504954021352929;1639301451.989423
Message ke-72;66;162580144667407387816525569294830615796;1639301452.040417
Message ke-73;84;272003522344123886044444907927242872439;1639301452.141656
Message ke-74;87;112484297914995582655674816308847055305;1639301452.166656
Message ke-75;61;257227279593716705841775831835491668386;1639301452.180658
Message ke-76;94;170300879600042089491673241373656573672;1639301452.210661
Message ke-77;68;244306735044157336874246059718615726851;1639301452.293658
Message ke-78;82;44156657528995564318404598965761961681;1639301452.339654
Message ke-79;62;311681756816170665932996947887396192943;1639301452.49038
Message ke-80;90;201651129426023430283323857882352741494;1639301452.603378
Message ke-81;66;244589652027856801242132661284647769353;1639301452.685452
Message ke-82;93;136356446513588476347246953861390257325;1639301452.724449
Message ke-83;85;255507683132048079958597645228448698378;1639301452.754556
Message ke-84;70;21591371071163499990947940478862019622;1639301452.809099
Message ke-85;96;21496819619867905368864326995828511778;1639301452.8423
Message ke-86;91;38552645547466759515657633761179548275;1639301452.895306
Message ke-87;91;205805445379818087228526848834891923526;1639301452.967567
Message ke-88;88;189968605619794704009261948449783811283;1639301453.011107
Message ke-89;90;323560192594568591198675557049384442333;1639301453.045104
Message ke-90;85;105092938079863900426315961441239386877;1639301453.097105
Message ke-91;67;93063203223996143526786240882774269437;1639301453.168345
Message ke-92;73;240099591195839461877331086266116582961;1639301453.182344
Message ke-93;71;39910311551399318865906689102783422162;1639301453.227342
Message ke-94;72;132507815842910902774106459564954998198;1639301453.28234
Message ke-95;93;195781623821182224400549628455882340807;1639301453.307341
Message ke-96;60;306849009886403641817316131988903471459;1639301453.321009
Message ke-97;77;326422993583809086649460912437369232154;1639301453.354012
Message ke-98;92;93285188869246471041425577430253076212;1639301453.384009
Message ke-99;79;154501709709650179229108358538864701376;1639301453.40901
Message ke-0;97;155423182212611616183080033046797818548;1639302403.085686
Message ke-1;80;275943453345320194861545885858073906650;1639302403.098691
Message ke-2;88;272199524036103208592797455275452230052;1639302403.144684
Message ke-3;75;266921670027390203706357529657516071961;1639302403.165688
Message ke-4;69;125670378726898903439729498340944055683;1639302403.177684
Message ke-5;81;15400800259587649829292048734935539485;1639302403.179689
Message ke-6;62;312063089768183511385573043446389997844;1639302403.194686
Message ke-7;75;319843124297432972450890185421703381415;1639302403.208689
Message ke-8;98;289547046304338000478164025950733986840;1639302403.222684
Message ke-9;96;67769003893520754778002442371811036593;1639302403.245685
Message ke-10;71;14322560458398662324509375774376217281;1639302403.253684
Message ke-11;63;64210748368993690570456725290391768215;1639302403.276687
Message ke-12;74;290353462952524924524511590753287443754;1639302403.286686
Message ke-13;83;334054403041308412740161539090625228743;1639302403.294687
Message ke-14;69;29498786628140328228471347838369025114;1639302403.307684
Message ke-15;92;276907696964881627733310426467038297640;1639302403.31169
Message ke-16;73;12076459675752860982122250542446130006;1639302403.323782
Message ke-17;93;136814333477538173042659724387160373589;1639302403.328782
Message ke-18;70;140901085290767100285665384699141511017;1639302403.335781
Message ke-19;92;307515168489551026709378851034020348449;1639302403.34678
Message ke-20;66;41980058770668978358720893088536904976;1639302403.357321
Message ke-21;93;138315122552433462043400322234088609452;1639302403.367864
Message ke-22;74;257309976090311945981956019616657607857;1639302403.386954
Message ke-23;65;217986426866501471034422896178482219800;1639302403.395951
Message ke-24;86;85525941442042256527501249526894335875;1639302403.422955
Message ke-25;65;330647591416948055668168758212826641847;1639302403.429954
Message ke-26;70;306725969378751282266895245068704694592;1639302403.444952
Message ke-27;71;286444532953832282806935619515219655450;1639302403.459952
Message ke-28;73;73451063652883960959231557376471547362;1639302403.484964
Message ke-29;100;326728279801612950172600629741547641374;1639302403.488958
Message ke-30;61;296665231963921178957775450038878938719;1639302403.500953
Message ke-31;90;26321718842536364520635038977066135048;1639302403.522161
Message ke-32;99;107672928444512716058334001131542531486;1639302403.530151
Message ke-33;62;6278536168555284809437958650256993281;1639302403.548151
Message ke-34;77;129717936797948454511271143126109902111;1639302403.583157
Message ke-35;80;29284277189174236454050757654468494953;1639302403.593154
Message ke-36;73;27579709719514944627747278318056484675;1639302403.609152
Message ke-37;97;314702548609381127260157132916480204355;1639302403.616155
Message ke-38;72;18475419595650976794736147393474956575;1639302403.62315
Message ke-39;65;277903118715090594999530064650477823891;1639302403.637156
Message ke-40;90;80695849270030915928384564417253713513;1639302403.659154
Message ke-41;63;152878157545295713168417472740854221949;1639302403.663151
Message ke-42;86;271976392894341412893470684067470472207;1639302403.690154
Message ke-43;86;138627765883889542270028513953183139669;1639302403.704288
Message ke-44;93;143493262244052313541042926397107438428;1639302403.722385
Message ke-45;76;35802934096213344343991729180917164385;1639302403.734382
Message ke-46;73;87642772471578317229830020512227700511;1639302403.748379
Message ke-47;67;143782981602460249081321160617439727762;1639302403.767385
Message ke-48;92;271088989777873498717132147641867556233;1639302403.774935
Message ke-49;73;168454384399574307534111068721354688799;1639302403.785939
Message ke-50;77;144018733115233399930261018037340512109;1639302403.79293
Message ke-51;86;223981020631885195139205277619893959678;1639302403.799933
Message ke-52;95;18518952354781129595871524762408239399;1639302403.813935
Message ke-53;64;21140120189481935351022058928180890656;1639302403.834931
Message ke-54;66;12949887081189580652292774121467677365;1639302403.868034
Message ke-55;83;332363196801553016955310698798115869805;1639302403.892031
Message ke-56;71;332509679218983366623265462290733421029;1639302403.910608
Message ke-57;88;306377982839378082849848696758406678575;1639302403.961284
Message ke-58;84;68429514114542406834296045995368424379;1639302403.985283
Message ke-59;96;114112907343418173312716326173077142128;1639302403.996285
Message ke-60;99;137509642632892269633519870469928732645;1639302404.012285
Message ke-61;91;260186790729241305068915510914589879970;1639302404.024282
Message ke-62;61;256777846048711483515118569919465612162;1639302404.053283
Message ke-63;78;76767350271789671028880742433621065697;1639302404.077367
Message ke-64;100;310559551168724319023453799190654092685;1639302404.103913
Message ke-65;82;176939911038358670359807873069489856818;1639302404.120995
Message ke-66;68;269970393791841047928333043694792257113;1639302404.21
Message ke-67;96;226150458662597124737217472022816823997;1639302404.277542
Message ke-68;86;339774506914603296342614636585603485890;1639302404.299534
Message ke-69;85;314203932903770001495915766480617242218;1639302404.325534
Message ke-70;87;286010303458224359902794005677140812824;1639302404.344538
Message ke-71;98;291655150926540145382320104395016422271;1639302404.359538
Message ke-72;89;133883409826718542535780094447613967084;1639302404.386538
Message ke-73;85;236779617539218021131103104921856215607;1639302404.394541
Message ke-74;69;170941372213183654220214875151502068309;1639302404.414536
Message ke-75;73;75674515658411053948891309680217476460;1639302404.442626
Message ke-76;64;213734510264737714707193184825946436105;1639302404.457629
Message ke-77;89;20112170105392666838696683441059006541;1639302404.463181
Message ke-78;93;63690720270412936302015165409019174421;1639302404.489703
Message ke-79;77;54309544592280626341371897172797022265;1639302404.510711
Message ke-80;96;111977583596995294985919529997831815278;1639302404.530705
Message ke-81;94;272796844576039585581930023636050553323;1639302404.546705
Message ke-82;89;52216588661000943602041574179543567052;1639302404.567831
Message ke-83;92;193543147206519587570916674882221395011;1639302404.58583
Message ke-84;97;216570315006059925499512085585363614909;1639302404.59784
Message ke-85;61;12811512513232977931628368382101378796;1639302404.691828
Message ke-86;95;235431504729625821638950413585233832973;1639302404.757094
Message ke-87;88;160346210443161466781901286791992948694;1639302404.822272
Message ke-88;72;326792521061554980834445440164076733827;1639302404.933679
Message ke-89;67;104086784639632516886153052267049318731;1639302404.955679
Message ke-90;96;143197853211768415256084903628264733219;1639302405.013806
Message ke-91;73;136130096112129891850997514977496286881;1639302405.047733
Message ke-92;100;190850408778493498619858921551656796828;1639302405.058282
Message ke-93;78;208379394464185264431633161882154999366;1639302405.092353
Message ke-94;73;293108611451138340395310769599156888874;1639302405.096352
Message ke-95;100;298481053116411192554768940637597099073;1639302405.121356
Message ke-96;80;72001415832879880964674683873780893746;1639302405.128357
Message ke-97;61;204779429688487129183609929244647483759;1639302405.224653
Message ke-98;63;10107086424742582960957673669092967212;1639302405.269651
Message ke-99;71;53442865858562942689069859382422830141;1639302405.309646
Message ke-0;96;113682566356064624723844581432888998307;1639302448.573054
Message ke-1;96;20797952455270470243397383801186143532;1639302448.603711
Message ke-2;66;309370851810926699697758321443318791536;1639302448.655316
Message ke-3;95;21035211213408361635842237509791264323;1639302448.722878
Message ke-4;82;106876868520756534744760107380462234176;1639302448.782488
Message ke-5;61;193841655382232079964506720826499481087;1639302448.818028
Message ke-6;73;9539839159181347762237936481342159448;1639302448.865747
Message ke-7;96;226008443643490866197450548305073853470;1639302448.891357
Message ke-8;71;190799068035971142532740851615970881080;1639302448.918108
Message ke-9;88;51235791306680114392435604200960645809;1639302448.969155
Message ke-10;90;61862981758869826272512113415935322755;1639302449.021609
Message ke-11;80;198783999668110851243563097435671199732;1639302449.162396
Message ke-12;68;294604994505025744398352370863809378578;1639302449.278482
Message ke-13;99;238245594251437104740565580528710234834;1639302449.302779
Message ke-14;85;180249449647918603089576459008572909931;1639302449.338139
Message ke-15;86;336308497954105203598499162972132468227;1639302449.415403
Message ke-16;69;270146594304045164983566679323545907676;1639302449.47194
Message ke-17;81;314767726583964539420555622465705786028;1639302449.497946
Message ke-18;77;260200435907656698348401561833660076378;1639302449.548185
Message ke-19;77;169751046194260015872961558330600908557;1639302449.578735
Message ke-20;78;3769972465183615237628217316936589363;1639302449.639703
Message ke-21;67;22217231656966794850787221398342278206;1639302449.665701
Message ke-22;85;49382873793983042644095482392071991905;1639302449.709891
Message ke-23;72;305476265416607304145980056458538347329;1639302449.804021
Message ke-24;99;156329483727395504810468207662996310096;1639302449.850615
Message ke-25;89;51195356783546595271921922568731385201;1639302449.901157
Message ke-26;90;208710354609695029092089502916751323448;1639302449.925358
Message ke-27;60;30537027380471523648227762220790357222;1639302449.964994
Message ke-28;79;69147030485123215357257044980567247110;1639302450.022038
Message ke-29;91;213188414113918998690263397149079302952;1639302450.085574
Message ke-30;75;76342117595785370793588010407961759561;1639302450.142643
Message ke-31;84;275609373528156450038727222477208479657;1639302450.240462
Message ke-32;84;61972551399046986420764610432916398693;1639302450.298
Message ke-33;93;60668946011460454688064531763869664101;1639302450.351274
Message ke-34;100;251713154563158900366439288390125558538;1639302450.412317
Message ke-35;76;36865603486363436169671925052584376215;1639302450.448543
Message ke-36;65;339786229843904862731227972653266847575;1639302450.508374
Message ke-37;64;7775025747669082627503168158637556893;1639302450.565355
Message ke-38;76;248835795789770811629063804874131466256;1639302450.635625
Message ke-39;85;179096550240100606227012508486293025580;1639302450.678481
Message ke-40;97;43074007282069711400078797745753144516;1639302450.74233
Message ke-41;100;191216475558914786157900290716845927411;1639302450.79022
Message ke-42;69;230450267565649360770914039824554890756;1639302450.836328
Message ke-43;62;191269180333896339867925181787525283191;1639302450.911019
Message ke-44;80;165188958866798030228066176115677329270;1639302451.058724
Message ke-45;93;203220014678800498317855849818659114368;1639302451.130898
Message ke-46;68;323917527578461845778180454070333065648;1639302451.234475
Message ke-47;88;196167393982901903921740406856786470997;1639302451.29857
Message ke-48;62;9706813260230072570110270207862271136;1639302451.407846
Message ke-49;97;327411885911585408321570407403244689291;1639302451.516744
Message ke-50;85;133721311278322619307564151316885963757;1639302451.587984
Message ke-51;85;63150803881036398286130730273478229253;1639302451.661681
Message ke-52;98;146708876243763668018542417982789423056;1639302451.771901
Message ke-53;83;259940574097486066495778396520021971091;1639302451.900555
Message ke-54;88;9753191588696070358114597754574165603;1639302452.02991
Message ke-55;92;222393929941670386255173167638840897933;1639302452.10491
Message ke-56;98;13110575481024757041005738228909183535;1639302452.171755
Message ke-57;71;114905736746183402066252884113361582771;1639302452.276643
Message ke-58;66;166638924042333507517058346359816063222;1639302452.338725
Message ke-59;74;209903492040200521189099309062165385153;1639302452.37604
Message ke-60;80;256809566835314298759089550970150031967;1639302452.444897
Message ke-61;62;258792767364799143300117878521751473084;1639302452.534021
Message ke-62;91;171723824141471952954476913365962845407;1639302452.580408
Message ke-63;90;3449183907706371732378993142189883970;1639302452.701833
Message ke-64;82;291289219794973743328721828414313350736;1639302452.782244
Message ke-65;75;136312322346636137856221860621379801456;1639302452.88483
Message ke-66;94;192764525535092953305762295797150980139;1639302453.007562
Message ke-67;72;165889075311568887347807129415010749019;1639302453.055377
Message ke-68;92;230651210246211790508289413069596280889;1639302453.091411
Message ke-69;79;113830514796634885972587979156203642258;1639302453.135174
Message ke-70;98;69021639584666726745229807180203812005;1639302453.206093
Message ke-71;94;227706396927444742488917115534166370857;1639302453.253695
Message ke-72;86;173208836963055739016675851646272440245;1639302453.380477
Message ke-73;79;162316414800637570606689846634845885042;1639302453.42153
Message ke-74;86;174340043270270558664361734302439988395;1639302453.454797
Message ke-75;99;183290522492273493173872962765794862911;1639302453.47146
Message ke-76;96;195307777403558561626281030111029615010;1639302453.494416
Message ke-77;81;138469026325231532541258321478858331168;1639302453.525444
Message ke-78;70;36585156834688362090931687260408051000;1639302453.589432
Message ke-79;88;122783606049103793667140918990050960312;1639302453.616503
Message ke-80;82;84585766387151372440729774076468995314;1639302453.659242
Message ke-81;76;142243212710760335211483232004130147815;1639302453.680146
Message ke-82;99;14908712464517998857700319983272009957;1639302453.707962
Message ke-83;79;225452277068059189276438478737304537943;1639302453.786156
Message ke-84;66;333040030928761297233648773511431977347;1639302453.808321
Message ke-85;69;102500536414368885642540769821052469499;1639302453.848789
Message ke-86;77;183095600741137171658498755920077047347;1639302453.885104
Message ke-87;98;109932145314534935001218497022744888172;1639302453.925834
Message ke-88;80;271693014080969136407801905428903571044;1639302453.984967
Message ke-89;82;255605825972158905609055064758562961039;1639302454.058277
Message ke-90;76;138565677869381809404747471331067233986;1639302454.070371
Message ke-91;79;66261014679026736544212817834651408590;1639302454.091579
Message ke-92;71;55003510928951015641344858353776350763;1639302454.108415
Message ke-93;60;232782740787074385013083771261699627734;1639302454.185664
Message ke-94;70;244975065104986677308274479575226803568;1639302454.216322
Message ke-95;72;74635481467035114860417384883265060610;1639302454.230774
Message ke-96;81;152682513223668231750260033631944137190;1639302454.26592
Message ke-97;95;297652595602839153277505790481134093473;1639302454.299648
Message ke-98;78;55727527631964015453995255901197517489;1639302454.328156
Message ke-99;76;13740831035610128223379962473637262431;1639302454.366316
